<attackPatterns>
  <attackPattern>
    <id>1</id>
    <patternString><![CDATA[.*(?i)(script).*]]></patternString>
    <description>test pattern</description>
      <tags>
        <tag>XSS</tag>
      </tags>
    <impact>4</impact>
    <module>systemFileSimulator</module>
  </attackPattern>
  <attackPattern>
    <id>3</id>
    <patternString><![CDATA[.*/(?i)(home|conf|usr|etc|proc|opt|s?bin|local|dev|tmp|kern|root|sys|system|windows|winnt|program|inetpub|boot\.ini).*]]></patternString>
    <description>Attacker tries to read a local file</description>
    <tags>
      <tag>RFI</tag>
    </tags>
    <impact>7</impact>
	<module>systemFileSimulator</module>
  </attackPattern>
  <attackPattern>
    <id>4</id>
    <patternString><![CDATA[.*(?i)(hash|href|navigateandfind|source|pathname|close|constructor|port|protocol|assign|replace|back|forward|document|ownerdocument|window|self|parent|frames|cookie|innerhtml|innertext|resizeto|createstylesheet).*]]></patternString>
    <description>Detects JavaScript object properties and methods</description>
    <tags>
      <tag>XSS</tag>
      <tag>CSRF</tag>
    </tags>
    <impact>5</impact>
  </attackPattern>
  <attackPattern>
    <id>5</id>
    <patternString><![CDATA[.*(?i)(alert|eval|msgbox|showmodaldialog|prompt|write|confirm|dialog|open).*]]></patternString>
    <description>Detects basic XSS</description>
    <tags>
      <tag>XSS</tag>
    </tags>
    <impact>5</impact>
  </attackPattern>
  <attackPattern>
    <id>6</id>
    <patternString><![CDATA[.*(?i)(element|entity|\[CDATA).*]]></patternString>
    <description>Detects XML Entity Injections</description>
    <tags>
      <tag>XML Entity Injection</tag>
    </tags>
    <impact>7</impact>
  </attackPattern>
  <attackPattern>
    <id>7</id>
    <patternString><![CDATA[.*(?i)(frame|applet|isindex|marquee|keygen|script|audio|video|input|button|textarea|style|base|body|meta|link|object|embed|param|plaintext|xml|image).*]]></patternString>
    <description>Detects HTML injections</description>
    <tags>
      <tag>HTML Injection</tag>
    </tags>
    <impact>4</impact>
  </attackPattern>
  <attackPattern>
    <id>8</id>
    <patternString><![CDATA[.*(?i)(select|drop|update|union|insert|alter).*]]></patternString>
    <description>Detects SQL Injections</description>
    <tags>
      <tag>SQLi</tag>
    </tags>
    <impact>7</impact>
  </attackPattern>
  <attackPattern>
    <id>9</id>
    <patternString><![CDATA[.*(?i)((select|;)\s+(benchmark|if|sleep)).*]]></patternString>
    <description>Detects SQL benchmark and sleep injection attempts including conditional queries</description>
    <tags>
      <tag>SQLi</tag>
    </tags>
    <impact>4</impact>
  </attackPattern>
  <attackPattern>
    <id>10</id>
    <patternString><![CDATA[.*(?i)(<\?php).*]]></patternString>
    <description>Detects most basic PHP code execution attacks</description>
    <tags>
      <tag>Code Execution</tag>
    </tags>
    <impact>8</impact>
  </attackPattern>
  <attackPattern>
    <id>11</id>
    <patternString><![CDATA[.*(?i)(define|eval|file_get_contents|include|require|require_once|set|shell_exec|phpinfo|system|passthru|preg_|execute|echo|print|print_r|var_dump|[fp]open).*]]></patternString>
    <description>Detects PHP code injection attacks</description>
    <tags>
      <tag>Code Execution</tag>
    </tags>
    <impact>8</impact>
  </attackPattern>
  <attackPattern>
    <id>12</id>
    <patternString><![CDATA[.*(?i)(=.*(http(s){0,1}|ftp):).*]]></patternString>
    <description>Detects RFI</description>
    <tags>
      <tag>RFI</tag>
    </tags>
    <impact>9</impact>
	<module>vulnPHPEmulator</module>
  </attackPattern>
</attackPatterns>
